month,rating
1,4.62168674699
2,4.56674473068
3,4.57004830918
4,4.56713426854
5,4.51968503937
6,4.59496567506
7,4.67303609342
8,4.58429561201
9,4.5367965368
10,4.49765258216
11,4.44871794872
12,4.52173913043
