season,rating
spring,4.53886010363
fall,4.48778433024
winter,4.59590792839
summer,4.61786237189